"","WARD_NAMES",""
"Ward 1","Etobicoke North","81000"
"Ward 2","Etobicoke Centre","100000"
"Ward 3","Etobicoke-Lakeshore","90000"
"Ward 4","Parkdale-High Park","85000"
"Ward 5","York South-Weston","72000"
"Ward 6","York Centre","82000"
"Ward 7","Humber River-Black Creek","73000"
"Ward 8","Eglinton-Lawrence","97000"
"Ward 9","Davenport","85000"
"Ward 10","Spadina-Fort York","89000"
"Ward 11","University-Rosedale","84000"
"Ward 12","Toronto-St. Paul's","86000"
"Ward 13","Toronto Centre","65000"
"Ward 14","Toronto-Danforth","93000"
"Ward 15","Don Valley West","102000"
"Ward 16","Don Valley East","78500"
"Ward 17","Don Valley North","84000"
"Ward 18","Willowdale","81000"
"Ward 19","Beaches-East York","89000"
"Ward 20","Scarborough Southwest","79000"
"Ward 21","Scarborough Centre","78000"
"Ward 22","Scarborough-Agincourt","77000"
"Ward 23","Scarborough North","87000"
"Ward 24","Scarborough-Guildwood","78000"
"Ward 25","Scarborough-Rouge Park","105000"
