"","ward","units_observed"
"1",1,5.46527777777778
"2",2,5.43564814814815
"3",3,6.60138888888889
"4",4,9.95138888888889
"5",5,5.45
"6",6,5.46805555555556
"7",7,5.41111111111111
"8",8,5.42592592592593
"9",9,7.6625
"10",10,7.09490740740741
"11",11,8.86805555555556
"12",12,5.37083333333333
"13",13,7.77962962962963
"14",14,8.21574074074074
"15",15,5.375
"16",16,5.4462962962963
"17",17,5.42916666666667
"18",18,5.51898148148148
"19",19,7.10925925925926
"20",20,5.43888888888889
"21",21,5.40740740740741
"22",22,5.46990740740741
"23",23,5.3962962962963
"24",24,5.34953703703704
"25",25,5.39444444444444
