"","ward","standoffs","complaints"
"1","Beaches-East York",2244,1389
"2","Davenport",2461,1540
"3","Don Valley East",1699,969
"4","Don Valley North",1683,985
"5","Don Valley West",1671,962
"6","Eglinton-Lawrence",1726,972
"7","Etobicoke-Lakeshore",2091,1244
"8","Etobicoke Centre",1674,1011
"9","Etobicoke North",1708,957
"10","Humber River-Black Creek",1713,964
"11","Parkdale-High Park",3301,2110
"12","Scarborough-Agincourt",1657,969
"13","Scarborough-Guildwood",1701,955
"14","Scarborough-Rouge Park",1696,983
"15","Scarborough Centre",1688,976
"16","Scarborough North",1688,953
"17","Scarborough Southwest",1674,992
"18","Spadina-Fort York",2268,1374
"19","Toronto-Danforth",2672,1657
"20","Toronto-St. Paul's",1651,972
"21","Toronto Centre",2549,1568
"22","University-Rosedale",2880,1838
"23","Willowdale",1753,979
"24","York Centre",1729,975
"25","York South-Weston",1740,993
