"","date","avg_units_observed"
"1","2024-01-01",5.72166666666667
"2","2024-01-02",5.67666666666667
"3","2024-01-03",5.77
"4","2024-01-04",5.70666666666667
"5","2024-01-05",5.725
"6","2024-01-06",7.55833333333333
"7","2024-01-07",7.55666666666667
"8","2024-01-08",5.71666666666667
"9","2024-01-09",5.725
"10","2024-01-10",5.61833333333333
"11","2024-01-11",5.79666666666667
"12","2024-01-12",5.68
"13","2024-01-13",7.46
"14","2024-01-14",7.53
"15","2024-01-15",5.58666666666667
"16","2024-01-16",5.8
"17","2024-01-17",5.82333333333333
"18","2024-01-18",5.80333333333333
"19","2024-01-19",5.73833333333333
"20","2024-01-20",7.41833333333333
"21","2024-01-21",7.52
"22","2024-01-22",5.72
"23","2024-01-23",5.76166666666667
"24","2024-01-24",5.74666666666667
"25","2024-01-25",5.765
"26","2024-01-26",5.62833333333333
"27","2024-01-27",7.46
"28","2024-01-28",7.52333333333333
"29","2024-01-29",5.64833333333333
"30","2024-01-30",5.80666666666667
"31","2024-01-31",5.645
"32","2024-02-01",5.71833333333333
"33","2024-02-02",5.805
"34","2024-02-03",7.47666666666667
"35","2024-02-04",7.58333333333333
"36","2024-02-05",5.685
"37","2024-02-06",5.635
"38","2024-02-07",5.64666666666667
"39","2024-02-08",5.62666666666667
"40","2024-02-09",5.72666666666667
"41","2024-02-10",7.56333333333333
"42","2024-02-11",7.435
"43","2024-02-12",5.77666666666667
"44","2024-02-13",5.745
"45","2024-02-14",5.805
"46","2024-02-15",5.655
"47","2024-02-16",5.76666666666667
"48","2024-02-17",7.57666666666667
"49","2024-02-18",7.465
"50","2024-02-19",5.67
"51","2024-02-20",5.72166666666667
"52","2024-02-21",5.765
"53","2024-02-22",5.58166666666667
"54","2024-02-23",5.69833333333333
"55","2024-02-24",7.47
"56","2024-02-25",7.49666666666667
"57","2024-02-26",5.79666666666667
"58","2024-02-27",5.69
"59","2024-02-28",5.62166666666667
"60","2024-02-29",5.885
"61","2024-03-01",5.75166666666667
"62","2024-03-02",7.535
"63","2024-03-03",7.49166666666667
"64","2024-03-04",5.57833333333333
"65","2024-03-05",5.65833333333333
"66","2024-03-06",5.72833333333333
"67","2024-03-07",5.88166666666667
"68","2024-03-08",5.75
"69","2024-03-09",7.415
"70","2024-03-10",7.53
"71","2024-03-11",5.71
"72","2024-03-12",5.62333333333333
"73","2024-03-13",5.75666666666667
"74","2024-03-14",5.68
"75","2024-03-15",5.71666666666667
"76","2024-03-16",7.57833333333333
"77","2024-03-17",7.60333333333333
"78","2024-03-18",5.665
"79","2024-03-19",5.90666666666667
"80","2024-03-20",5.76666666666667
"81","2024-03-21",5.75
"82","2024-03-22",5.71166666666667
"83","2024-03-23",7.51333333333333
"84","2024-03-24",7.50166666666667
"85","2024-03-25",5.94166666666667
"86","2024-03-26",5.715
"87","2024-03-27",5.7
"88","2024-03-28",5.76333333333333
"89","2024-03-29",5.745
"90","2024-03-30",7.535
