"","Dwelling Type","Ward","Count"
"1","Single-detached house","Ward 1","11270"
"2","Single-detached house","Ward 2","21860"
"3","Single-detached house","Ward 3","18585"
"4","Single-detached house","Ward 4","8855"
"5","Single-detached house","Ward 5","13190"
"6","Single-detached house","Ward 6","10350"
"7","Single-detached house","Ward 7","4690"
"8","Single-detached house","Ward 8","17190"
"9","Single-detached house","Ward 9","6470"
"10","Single-detached house","Ward 10","500"
"11","Single-detached house","Ward 11","4180"
"12","Single-detached house","Ward 12","8850"
"13","Single-detached house","Ward 13","250"
"14","Single-detached house","Ward 14","8410"
"15","Single-detached house","Ward 15","14730"
"16","Single-detached house","Ward 16","5425"
"17","Single-detached house","Ward 17","8825"
"18","Single-detached house","Ward 18","12425"
"19","Single-detached house","Ward 19","12790"
"20","Single-detached house","Ward 20","14850"
"21","Single-detached house","Ward 21","13880"
"22","Single-detached house","Ward 22","11075"
"23","Single-detached house","Ward 23","11790"
"24","Single-detached house","Ward 24","12225"
"25","Single-detached house","Ward 25","17685"
"26","Semi-detached house","Ward 1","1425"
"27","Semi-detached house","Ward 2","875"
"28","Semi-detached house","Ward 3","1365"
"29","Semi-detached house","Ward 4","4215"
"30","Semi-detached house","Ward 5","3315"
"31","Semi-detached house","Ward 6","3055"
"32","Semi-detached house","Ward 7","7475"
"33","Semi-detached house","Ward 8","1490"
"34","Semi-detached house","Ward 9","6655"
"35","Semi-detached house","Ward 10","595"
"36","Semi-detached house","Ward 11","3590"
"37","Semi-detached house","Ward 12","2795"
"38","Semi-detached house","Ward 13","660"
"39","Semi-detached house","Ward 14","9535"
"40","Semi-detached house","Ward 15","2830"
"41","Semi-detached house","Ward 16","2145"
"42","Semi-detached house","Ward 17","3650"
"43","Semi-detached house","Ward 18","930"
"44","Semi-detached house","Ward 19","6620"
"45","Semi-detached house","Ward 20","2525"
"46","Semi-detached house","Ward 21","760"
"47","Semi-detached house","Ward 22","1365"
"48","Semi-detached house","Ward 23","2625"
"49","Semi-detached house","Ward 24","750"
"50","Semi-detached house","Ward 25","1940"
"51","Row house","Ward 1","3645"
"52","Row house","Ward 2","2005"
"53","Row house","Ward 3","2340"
"54","Row house","Ward 4","1175"
"55","Row house","Ward 5","1265"
"56","Row house","Ward 6","1215"
"57","Row house","Ward 7","4150"
"58","Row house","Ward 8","1615"
"59","Row house","Ward 9","2380"
"60","Row house","Ward 10","2470"
"61","Row house","Ward 11","2215"
"62","Row house","Ward 12","905"
"63","Row house","Ward 13","2345"
"64","Row house","Ward 14","2880"
"65","Row house","Ward 15","1180"
"66","Row house","Ward 16","2795"
"67","Row house","Ward 17","4065"
"68","Row house","Ward 18","1715"
"69","Row house","Ward 19","1695"
"70","Row house","Ward 20","2320"
"71","Row house","Ward 21","2855"
"72","Row house","Ward 22","4500"
"73","Row house","Ward 23","4615"
"74","Row house","Ward 24","2180"
"75","Row house","Ward 25","4640"
"76","Apartment or flat in a duplex","Ward 1","3790"
"77","Apartment or flat in a duplex","Ward 2","785"
"78","Apartment or flat in a duplex","Ward 3","1500"
"79","Apartment or flat in a duplex","Ward 4","2120"
"80","Apartment or flat in a duplex","Ward 5","1845"
"81","Apartment or flat in a duplex","Ward 6","1930"
"82","Apartment or flat in a duplex","Ward 7","1140"
"83","Apartment or flat in a duplex","Ward 8","2245"
"84","Apartment or flat in a duplex","Ward 9","3055"
"85","Apartment or flat in a duplex","Ward 10","890"
"86","Apartment or flat in a duplex","Ward 11","1710"
"87","Apartment or flat in a duplex","Ward 12","1580"
"88","Apartment or flat in a duplex","Ward 13","330"
"89","Apartment or flat in a duplex","Ward 14","2515"
"90","Apartment or flat in a duplex","Ward 15","410"
"91","Apartment or flat in a duplex","Ward 16","300"
"92","Apartment or flat in a duplex","Ward 17","590"
"93","Apartment or flat in a duplex","Ward 18","1525"
"94","Apartment or flat in a duplex","Ward 19","2170"
"95","Apartment or flat in a duplex","Ward 20","3070"
"96","Apartment or flat in a duplex","Ward 21","3955"
"97","Apartment or flat in a duplex","Ward 22","1555"
"98","Apartment or flat in a duplex","Ward 23","2195"
"99","Apartment or flat in a duplex","Ward 24","2475"
"100","Apartment or flat in a duplex","Ward 25","2790"
"101","Apartment in a building that has fewer than five storeys","Ward 1","2015"
"102","Apartment in a building that has fewer than five storeys","Ward 2","1925"
"103","Apartment in a building that has fewer than five storeys","Ward 3","11100"
"104","Apartment in a building that has fewer than five storeys","Ward 4","14040"
"105","Apartment in a building that has fewer than five storeys","Ward 5","7105"
"106","Apartment in a building that has fewer than five storeys","Ward 6","6810"
"107","Apartment in a building that has fewer than five storeys","Ward 7","4725"
"108","Apartment in a building that has fewer than five storeys","Ward 8","8030"
"109","Apartment in a building that has fewer than five storeys","Ward 9","18090"
"110","Apartment in a building that has fewer than five storeys","Ward 10","4945"
"111","Apartment in a building that has fewer than five storeys","Ward 11","14045"
"112","Apartment in a building that has fewer than five storeys","Ward 12","11040"
"113","Apartment in a building that has fewer than five storeys","Ward 13","6490"
"114","Apartment in a building that has fewer than five storeys","Ward 14","12505"
"115","Apartment in a building that has fewer than five storeys","Ward 15","4825"
"116","Apartment in a building that has fewer than five storeys","Ward 16","5035"
"117","Apartment in a building that has fewer than five storeys","Ward 17","2945"
"118","Apartment in a building that has fewer than five storeys","Ward 18","3235"
"119","Apartment in a building that has fewer than five storeys","Ward 19","10780"
"120","Apartment in a building that has fewer than five storeys","Ward 20","4540"
"121","Apartment in a building that has fewer than five storeys","Ward 21","2210"
"122","Apartment in a building that has fewer than five storeys","Ward 22","1685"
"123","Apartment in a building that has fewer than five storeys","Ward 23","1490"
"124","Apartment in a building that has fewer than five storeys","Ward 24","1435"
"125","Apartment in a building that has fewer than five storeys","Ward 25","1215"
"126","Apartment in a building that has five or more storeys","Ward 1","15980"
"127","Apartment in a building that has five or more storeys","Ward 2","17860"
"128","Apartment in a building that has five or more storeys","Ward 3","30645"
"129","Apartment in a building that has five or more storeys","Ward 4","18955"
"130","Apartment in a building that has five or more storeys","Ward 5","18300"
"131","Apartment in a building that has five or more storeys","Ward 6","17860"
"132","Apartment in a building that has five or more storeys","Ward 7","15480"
"133","Apartment in a building that has five or more storeys","Ward 8","15340"
"134","Apartment in a building that has five or more storeys","Ward 9","8520"
"135","Apartment in a building that has five or more storeys","Ward 10","71070"
"136","Apartment in a building that has five or more storeys","Ward 11","27355"
"137","Apartment in a building that has five or more storeys","Ward 12","32900"
"138","Apartment in a building that has five or more storeys","Ward 13","58730"
"139","Apartment in a building that has five or more storeys","Ward 14","10185"
"140","Apartment in a building that has five or more storeys","Ward 15","16035"
"141","Apartment in a building that has five or more storeys","Ward 16","22545"
"142","Apartment in a building that has five or more storeys","Ward 17","25675"
"143","Apartment in a building that has five or more storeys","Ward 18","30705"
"144","Apartment in a building that has five or more storeys","Ward 19","11505"
"145","Apartment in a building that has five or more storeys","Ward 20","14260"
"146","Apartment in a building that has five or more storeys","Ward 21","16840"
"147","Apartment in a building that has five or more storeys","Ward 22","18080"
"148","Apartment in a building that has five or more storeys","Ward 23","6630"
"149","Apartment in a building that has five or more storeys","Ward 24","17140"
"150","Apartment in a building that has five or more storeys","Ward 25","4025"
"151","Other single-attached house","Ward 1","10"
"152","Other single-attached house","Ward 2","25"
"153","Other single-attached house","Ward 3","35"
"154","Other single-attached house","Ward 4","70"
"155","Other single-attached house","Ward 5","35"
"156","Other single-attached house","Ward 6","45"
"157","Other single-attached house","Ward 7","10"
"158","Other single-attached house","Ward 8","0"
"159","Other single-attached house","Ward 9","505"
"160","Other single-attached house","Ward 10","265"
"161","Other single-attached house","Ward 11","410"
"162","Other single-attached house","Ward 12","45"
"163","Other single-attached house","Ward 13","155"
"164","Other single-attached house","Ward 14","200"
"165","Other single-attached house","Ward 15","20"
"166","Other single-attached house","Ward 16","40"
"167","Other single-attached house","Ward 17","25"
"168","Other single-attached house","Ward 18","20"
"169","Other single-attached house","Ward 19","125"
"170","Other single-attached house","Ward 20","330"
"171","Other single-attached house","Ward 21","45"
"172","Other single-attached house","Ward 22","80"
"173","Other single-attached house","Ward 23","190"
"174","Other single-attached house","Ward 24","40"
"175","Other single-attached house","Ward 25","20"
"176","Movable dwelling","Ward 1","0"
"177","Movable dwelling","Ward 2","0"
"178","Movable dwelling","Ward 3","0"
"179","Movable dwelling","Ward 4","15"
"180","Movable dwelling","Ward 5","0"
"181","Movable dwelling","Ward 6","10"
"182","Movable dwelling","Ward 7","0"
"183","Movable dwelling","Ward 8","0"
"184","Movable dwelling","Ward 9","0"
"185","Movable dwelling","Ward 10","0"
"186","Movable dwelling","Ward 11","0"
"187","Movable dwelling","Ward 12","0"
"188","Movable dwelling","Ward 13","0"
"189","Movable dwelling","Ward 14","0"
"190","Movable dwelling","Ward 15","0"
"191","Movable dwelling","Ward 16","0"
"192","Movable dwelling","Ward 17","0"
"193","Movable dwelling","Ward 18","0"
"194","Movable dwelling","Ward 19","10"
"195","Movable dwelling","Ward 20","0"
"196","Movable dwelling","Ward 21","10"
"197","Movable dwelling","Ward 22","0"
"198","Movable dwelling","Ward 23","0"
"199","Movable dwelling","Ward 24","0"
"200","Movable dwelling","Ward 25","0"
