"","hour","units_observed","bins_compromised","average_unit_weight_kg","incidents_of_raccoon_human_standoff","complaints_logged"
"1",0,17,19,5.90634209091259,0,0
"2",1,11,12,5.35533264576345,0,0
"3",2,15,20,6.2989004487824,1,1
"4",3,13,7,5.30714766999924,2,2
"5",4,2,8,5.29043475830782,0,0
"6",5,0,0,0,0,0
"7",6,0,0,0,0,0
"8",7,1,2,4.74985877578222,0,0
"9",8,1,1,6.05546210642818,0,0
"10",9,0,0,0,0,0
"11",10,2,1,4.93555892310023,1,0
"12",11,1,0,6.44644283943373,0,0
"13",12,1,1,6.71306135574425,1,0
"14",13,1,0,5.5761451187035,0,0
"15",14,0,0,0,0,0
"16",15,0,0,0,0,0
"17",16,1,2,5.74740982093854,0,0
"18",17,0,0,0,0,0
"19",18,2,0,4.87062307815378,1,0
"20",19,1,2,5.58514794798043,0,0
"21",20,0,0,0,0,0
"22",21,15,16,4.11657208397644,2,1
"23",22,19,8,4.55726221367837,6,2
"24",23,13,11,5.9723651421164,1,0
