"","hour","avg_units_observed"
"1",0,15.0475555555556
"2",1,15.1142222222222
"3",2,15.0417777777778
"4",3,15.0613333333333
"5",4,2.59955555555556
"6",5,2.63466666666667
"7",6,2.59288888888889
"8",7,2.54755555555556
"9",8,2.56044444444444
"10",9,2.59244444444444
"11",10,2.58666666666667
"12",11,2.53244444444444
"13",12,2.65644444444444
"14",13,2.57911111111111
"15",14,2.608
"16",15,2.58088888888889
"17",16,2.54577777777778
"18",17,2.60311111111111
"19",18,2.58
"20",19,2.54666666666667
"21",20,2.62
"22",21,15.0257777777778
"23",22,14.9844444444444
"24",23,15.0724444444444
